val_loss,val_accuracy,loss,accuracy
7.666619300842285,0.5,7.666619300842285,0.5
